Sector,#,Name,Lat-Long,2023,2022,2019,2018,2017,2016,2015,2014,2013,2012,2011,2010,2009,2008,2007,2006,2005,2004,2003,2002,2001,2000,,,,,,,,,,,,,
Bridge,2,Burnside Bridge,"45.52309890332474, -122.66754068494456",900,845,"1,970","1,800","2,450","2,370","2,375","2,345","2,110","2,055","2,175","1,865","1,760","2,035","1,325","1,260", - , - ,690, - ,965,830,,,,,,,,,,,,,
Bridge,4,Sellwood Bridge,"45.464310387056415, -122.66549706456043",840, - , - ,735,900,620,385,665,495,675,455,395,480, - ,485,455, - , - , - , - , - , - ,,,,,,,,,,,,,
North,6,N Fessenden & Peninsular Crossing Trail,"45.59180976917516, -122.72856765092408",155, - , - ,220,200,175,185,430,245,350, - , - ,365,280,275, - , - , - , - , - , - , - ,,,,,,,,,,,,,
North,7,N Greeley & Interstate,"45.55869953491483, -122.69365077425623",470,900,"1,265","1,420","1,325","1,345","1,475","1,380","1,115","1,295","1,240","1,275","1,185","1,340",960,"1,010", - , - ,390, - , - , - ,,,,,,,,,,,,,
North,8,N Interstate & Larrabee,"45.54030479843471, -122.67709474542173",810,625,"1,710","1,665","1,480","1,405","1,725","1,505","1,610","1,625","1,605","1,105","1,230","1,705","1,295","1,245", - , - , - , - , - , - ,,,,,,,,,,,,,
North,9,N Portsmouth & Houghton,"45.586574662832206, -122.72103536076095",130, - , - ,205,130,190,230, - ,120,185, - , - ,215,260,215, - , - , - , - , - , - , - ,,,,,,,,,,,,,
North,10,N Denver & Rosa Parks,"45.56990786060304, -122.68744830309103",610,575,960,850,825,"1,215","1,000",990,"1,100",750,615,430,800, - , - , - , - , - , - , - , - , - ,,,,,,,,,,,,,
North,11,N Vancouver & Russell,"45.5407064566986, -122.66786300309239","1,680", - ,"4,870","4,705","5,250","5,885","5,140","5,700","4,740","5,160","4,195","2,365","3,225","3,550","2,325","1,900", - ,515,630, - ,265,850,,,,,,,,,,,,,
North,12,N Williams & Russell,"45.54104236489389, -122.6666513761044","2,245","1,915","4,415","4,570","5,150","4,920","4,745","5,360","4,605","3,985","3,995","3,095","2,675","2,745","2,105","1,465", - ,880, - , - ,560,610,,,,,,,,,,,,,
North,13,N Smith & St. Louis,"45.59491772757617, -122.7534259317011",65, - ,75,20,105,55,155, - ,115,145, - ,125, - ,155,100, - , - , - , - , - ,140, - ,,,,,,,,,,,,,
North,14,N Flint & Tillamook,"45.5380006968951, -122.66872757425709",405, - ,560,565,595,675,670,795,715, - ,890,235,685,820,590,535, - , - , - , - ,915,835,,,,,,,,,,,,,
North,15,N Vancouver & Ainsworth,"45.56641912695034, -122.66882367425595",735, - ,"1,300","1,270","1,370","1,320","1,355","1,260","1,410","1,160","1,060",990, - ,"1,200",615,580, - ,410, - , - ,245,220,,,,,,,,,,,,,
North,16,N Willamette & Philadelphia,, - ,175,190, - ,175,190,175, - ,140,190,260,280, - , - ,150, - , - , - , - , - , - , - ,,,,,,,,,,,,,
North,17,N WIllamette & Waud Bluff Trail,"45.57391693096083, -122.72023291658489",690,670,640, - ,885,825,"1,065",885,810,890,875, - ,765,610,590, - , - , - , - , - , - , - ,,,,,,,,,,,,,
Northeast,18,NE Marine Drive & PDX Trail,,100, - , - ,210,310,200,305, - ,270,390,465,420, - , - ,195, - , - , - , - , - , - , - ,,,,,,,,,,,,,
Northeast,19,NE Going & 37th Ave,"45.55668793410801, -122.62554523192713",745, - ,940,900,995,830,"1,025", - ,"1,020",860,735,360,230,270, - , - , - , - , - , - , - , - ,,,,,,,,,,,,,
Northeast,20,NE Multnomah & 47th,"45.531071908049995, -122.61502076076356",335,400,595,500,410,555,560,485,560,560,535, - ,545,505,400,285, - , - ,215, - ,160,190,,,,,,,,,,,,,
Northeast,21,NE 72nd & Siskiyou,"45.54528142953339, -122.58897706076296", - ,160,110,145,115,135,240,140,130, - , - ,165,185,180,95, - , - , - , - , - , - , - ,,,,,,,,,,,,,
Northeast,22,NE Halsey & 92nd,"45.53344997827449, -122.56855343235354", - ,120,160,135,160,120,150,140,185,140,145,150,160,160,100,110, - , - , - , - , - , - ,,,,,,,,,,,,,
Northeast,23,NE Broadway & 7th,"45.5350297271601, -122.65859595152617", - ,775,"1,675","1,595","1,670","1,505","1,885","1,890","1,760","1,530","1,270","1,200","1,560","1,760","1,525","1,205", - , - , - , - , - , - ,,,,,,,,,,,,,
East,24,E Burnside & 122nd,"45.52239393730365, -122.53774941658715", - ,340,395,340,475,490,690,355,540,400,565,400,365,440,425,395, - , - , - , - , - , - ,,,,,,,,,,,,,
Northeast,25,E Burnside & 74th,"45.52279876984854, -122.58684533192863",530,500,645,570,510,540,595,625, - ,750,745,530,455,500,405,440,365, - , - , - , - , - ,,,,,,,,,,,,,
Northeast,26,NE Everett & 53rd,"45.52506052142617, -122.60889383192851","1,100","1,195","1,355","1,550","1,500","1,465","1,225","1,220","1,120","1,090","1,220","1,005", - ,845,765,515,235, - , - , - , - , - ,,,,,,,,,,,,,
East,27,NE Fremont & NE 122nd,"45.548041171199976, -122.53739404542141",45,60,95,95,140,70,65,105,140,145,155,140,175,150,75, - , - , - , - , - , - , - ,,,,,,,,,,,,,
East,28,NE Halsey & 122nd,"45.533539309369004, -122.53764890309273",130, - ,220,185,270,200,190,235, - ,380,335,300,195,335,180, - , - , - , - , - , - , - ,,,,,,,,,,,,,
East,29,NE Halsey & 148th,"45.5336671403166, -122.50904283192808",50,40,60,55, - ,110,110,50,115,115,145,95,100,155, - , - , - , - , - , - , - , - ,,,,,,,,,,,,,
Northeast,30,NE Irving & 12th,"45.52791079015306, -122.65359293192836",555,840,"1,585","1,630","1,735","1,905","1,820","1,705","1,665","1,865","1,670","1,710","1,635","1,655","1,360",850, - , - ,400, - ,540,475,,,,,,,,,,,,,
Northeast,31,NE Irving & 20th,"45.52788932256012, -122.64548973192835",540,625,"1,115","1,000","1,035","1,100","1,265","1,235","1,165","1,320","1,335","1,100","1,040", - ,"1,010",890, - , - , - , - , - ,275,,,,,,,,,,,,,
Northeast,32,NE Multnomah & 7th,"45.53145776105931, -122.65863463192818","1,330",790,"1,805","1,655","1,670","1,690","1,685","1,320","1,325","1,150","1,005",290,"1,180","1,275", - ,860, - , - ,745, - ,380,465,,,,,,,,,,,,,
Northeast,33,NE Portland & Killingsworth,"45.56286809044933, -122.59097247425593", - , - , - , - ,90,85,100,200,130,200, - , - , - , - , - , - , - , - , - , - , - , - ,,,,,,,,,,,,,
Northeast,34,NE Skidmore & 29th,"45.554320758518784, -122.63592083192718", - , - , - ,245,260,235,290,250,265,325, - , - , - , - ,240, - , - , - , - , - , - , - ,,,,,,,,,,,,,
Northeast,35,NE US Grant & 33rd,"45.53777014141332, -122.63068040309261",735,830,"1,250",985,"1,485","1,395","1,355","1,135","1,205","1,175","1,115","1,095",750,"1,165",680, - , - , - , - , - , - , - ,,,,,,,,,,,,,
Northeast,36,NE Weidler & 7th,"45.53430003263997, -122.65861323987968","1,120",885,"1,400","1,565","1,610","1,640","1,550", - ,"1,480","1,715", - ,850, - , - ,"1,330","1,205", - ,655, - , - ,700,725,,,,,,,,,,,,,
Northeast,37,NE Weidler & MLK,"45.534303863721846, -122.66165717425731",260, - ,475, - ,550,595,635, - ,620,515,540,500,850,"1,025",655,505, - , - , - , - ,740, - ,,,,,,,,,,,,,
Northwest,38,NW Thurman & 14th,"45.535780289029546, -122.6862568846653",305,275,490, - ,560,350,495,510,435,430,365,415,485,565,415, - , - , - , - , - , - , - ,,,,,,,,,,,,,
Northwest,39,NW Bridge Ave & St. Johns Bridge,"45.58300131813678, -122.76874567425521",225,160,50,200,140, - ,130, - ,195,180,185, - ,235, - ,110, - , - , - , - , - , - , - ,,,,,,,,,,,,,
Northwest,40,NW Couch & 15th,"45.52355815440671, -122.68671507425793", - ,25,160,740,235,275,280,240,215,255,230,195,215,200,185,120, - , - , - , - , - ,70,,,,,,,,,,,,,
Northwest,41,NW Glisan & 16th,"45.526427807150114, -122.68736875096458", - ,110,300, - ,330,360,305,300,465,490,340,500,330,440,335,215, - ,375, - , - , - ,230,,,,,,,,,,,,,
Northwest,42,NW Johnson & 16th,"45.52855283894971, -122.68739930309297",445,370,845,950,925,940,"1,015","1,100",920,835,880,720,785, - ,660,650, - , - , - ,445,370,300,,,,,,,,,,,,,
Northwest,43,NW Johnson & 19th,"45.52849872280444, -122.69045940309303",385,365,790,765,760,710,675,510,540,815,"1,000",445,415,525,635, - , - , - ,200, - ,255, - ,,,,,,,,,,,,,
Northwest,44,NW Thompson & Skyline,"45.54325710040789, -122.76090713192762",75, - , - ,105,125,105,130, - , - ,130, - , - , - ,215, - , - , - , - , - , - , - , - ,,,,,,,,,,,,,
Northwest,45,NW Wardway & Nicolai,"45.53847792680529, -122.71115726076312", - ,165,165,210,240,300,255,230,220,325, - , - ,290,305, - , - , - , - , - , - , - , - ,,,,,,,,,,,,,
East,46,SE Springwater Trail and 122nd,"45.48040158097682, -122.53734620309508",520, - ,490,525,600,660,640,625,695,690,815, - ,525,425,405, - , - , - , - , - , - , - ,,,,,,,,,,,,,
East,47,SE Powell & 148th,"45.49804953079927, -122.51062980309429",55,40,75,45,160,115, - ,160,135, - , - ,160,190,205,180, - , - , - , - , - , - , - ,,,,,,,,,,,,,
Southeast,48,SE Gladstone & 26th,"45.49334722132406, -122.63961861261264",305,575, - , - ,"1,145","1,080",825,925,935,825,735,650,765,645,565,420, - , - , - , - , - , - ,,,,,,,,,,,,,
Southeast,49,SE Salmon & 7th,"45.514376271199374, -122.65871300309354","1,260",885,"1,955","1,875","2,040","1,970","2,195","1,950","1,885","1,675","1,795","1,335","1,760","1,885","1,420","1,010", - , - , - , - ,470, - ,,,,,,,,,,,,,
Southeast,50,SE Ankeny & 6th,"45.522207054226136, -122.65972676076399",350, - ,"1,240","1,075","1,095","1,130","1,285","1,125",980,920,990,"1,265","1,455", - ,970,855, - ,680, - , - , - ,725,,,,,,,,,,,,,
Southeast,51,SE Belmont & 16th,"45.516453600237114, -122.64960353192892",650,680,900,720,815,845,845,790,670,830,810,720,610,730,455,425, - , - ,375, - ,240, - ,,,,,,,,,,,,,
Southeast,52,SE Milwaukie & Bybee,"45.47370310084776, -122.64876393193072", - ,330,380,360,320,370,325,460,470,505,315,455,375,535,405, - , - , - , - , - , - , - ,,,,,,,,,,,,,
Southeast,53,SE Center & 72nd,"45.493826529671296, -122.58915873192991",355,230, - , - ,345,380, - ,345,270,215,485,220,350,310,330, - , - , - , - , - , - , - ,,,,,,,,,,,,,
Southeast,54,SE Center & 9th,"45.49399498823759, -122.65638693193002",50,30, - ,100,70,100,100,175,180,165, - ,115, - ,95,50, - , - , - , - , - , - , - ,,,,,,,,,,,,,
Southeast,55,SE Clinton & 26th,"45.50348376343946, -122.63964864542348","2,625","2,175","3,240","3,460","3,795","3,385","3,260","3,205","3,095","3,180","2,655","2,750","2,345","2,710","1,770","1,100","1,225","1,235","1,040", - ,595,650,,,,,,,,,,,,,
Southeast,56,Eastbank Esplanade at Salmon Street,"45.51441727119944, -122.66804860309365","1,940", - , - , - , - , - , - , - , - , - , - , - , - , - , - , - , - , - , - , - , - , - ,,,,,,,,,,,,,
Southeast,57,SE Flavel & 92nd,"45.468409422883816, -122.56859603193112", - , - , - ,325,500,645, - ,670,830,735,730,630,385,410,265,555, - , - , - , - , - , - ,,,,,,,,,,,,,
East,58,SE Flavel & Deardorf,"45.46904812305416, -122.52421747426031", - , - , - , - , - ,5, - , - ,30, - , - , - ,40,20, - , - , - , - , - , - , - , - ,,,,,,,,,,,,,
Southeast,59,SE Gladstone & 42nd,"45.49332617119912, -122.61896076076519",570,530,675,745,745,740,785,990,710,690,725,895,905,715,490,430, - , - ,615, - , - ,170,,,,,,,,,,,,,
East,60,SE Springwater Trail & I-205 path,"45.472264200271454, -122.56621140309552", - , - ,645,730,940,940,990,"1,380",990,"1,375","1,205",965, - ,375,490,115, - , - ,"2,210", - , - , - ,,,,,,,,,,,,,
Southeast,61,SE Harrison & Ladd  (Circle),"45.508510339597784, -122.64941923192919","2,375","1,830", - ,"3,075","3,175","3,360","3,590","3,810","4,255","3,455","3,600","3,935","3,955","3,975","1,755","1,850","1,855", - , - , - ,900, - ,,,,,,,,,,,,,
Southeast,62,SE Lincoln & 41st,"45.50802035800225, -122.62041013192913","1,160","1,330","1,785","1,820","1,865","2,120","2,140","1,875","1,710","2,030","1,880","1,785","1,295","1,925","1,025","1,015", - , - ,725, - ,575, - ,,,,,,,,,,,,,
East,63,SE Mill & 135th Ave,"45.5101591782945, -122.52477740309372",90,90,130,140,130,125,115,130,145,230,270, - ,195,130, - , - , - , - , - , - , - , - ,,,,,,,,,,,,,
Southeast,64,SE Milwaukie & Powell,"45.50107385243503, -122.65424247425885",290, - ,325,235,420,390,335,615,515, - , - ,600,780,740,500, - , - , - , - , - , - , - ,,,,,,,,,,,,,
Southeast,65,SE Spokane & Springwater Corridor,"45.46508383421961, -122.661832405236","1,900","1,860", - ,"2,110","2,710","2,610","2,565","2,515","2,685","2,915","2,000","2,080","1,050","2,295","1,885","1,410", - , - , - , - , - , - ,,,,,,,,,,,,,
Southeast,66,SE Taylor & 41st Ave,"45.51498239945093, -122.62019273192902",850,720,895,825,880,"1,145","1,080",910,"1,365","1,205","1,205","1,185","1,245",950,955,700, - , - ,490, - ,325, - ,,,,,,,,,,,,,
Southeast,67,SE Woodstock & 46th,"45.47915538031125, -122.61547163193067",350, - ,405,460,635,580,440,565,730,450, - ,600,580,660,635, - , - , - , - , - , - , - ,,,,,,,,,,,,,
Southeast,68,SE Woodward & 71st,"45.50141601194977, -122.58986380309418",330,440,585,550,545,470,735,345,390,450,590,755,550,490, - , - , - , - , - , - , - , - ,,,,,,,,,,,,,
Southeast,69,SE Springwater Trail and Johnson Creek Blvd,"45.45593949373432, -122.59281964542556",590,815,825,665,945,"1,075","1,275","1,255","1,125","1,010","1,175",730,775,775,"1,020", - , - , - , - , - , - , - ,,,,,,,,,,,,,
Southeast,70,SE Springwater Trail and Oaks Bottom Connector,"45.480797781188414, -122.65471827425986","1,705","1,970","2,135","2,320","2,890","3,035","2,800","2,890","2,860","2,885","2,950","2,745","2,770","2,490","2,500", - , - , - , - , - , - , - ,,,,,,,,,,,,,
City Center,71,SW Taylor & 13th,"45.51946961918505, -122.68583691658735",55,115, - ,265,240,300,310,300,285,275, - ,175,305,360,370,180, - ,220, - , - , - ,250,,,,,,,,,,,,,
City Center,72,SW Salmon & 14th,"45.5191125711996, -122.68729738959948", - ,360,600,460,465,555,545,525,615,635,530,665,520,540,430,370, - , - , - , - , - ,210,,,,,,,,,,,,,
City Center,73,SW Jackson & 6th,"45.50904455882318, -122.68404137425847",165,190,305, - ,325,400,520,340,425,485,385,360,360,435,260,595, - , - , - , - , - , - ,,,,,,,,,,,,,
Southwest,74,SW Terwilliger & Sheridan,"45.50518007496888, -122.68429110309388",200,290,480, - ,475,715,565,805,810,690,710,720,755,645,585,"1,050", - , - , - ,825, - ,560,,,,,,,,,,,,,
Southwest,75,SW Arnold & 35th,"45.44469268923167, -122.71281701659079",60,10,45,10,25, - ,35, - ,20,35,50,20,15,40, - , - , - , - , - , - , - , - ,,,,,,,,,,,,,
Southwest,77,SW Barbur & Hamilton,"45.49100882323532, -122.67797454542401",215,230,670,490,525,710,715,815,765,630,735,750,705,990,525,460, - , - , - , - ,310, - ,,,,,,,,,,,,,
Southwest,78,SW Beaverton Hillsdale Hwy & Shattuck ,"45.4870053628325, -122.73160241658888",70,60,150,100,140,200, - ,225,165,195,235,305,230,270,165, - , - , - , - , - , - , - ,,,,,,,,,,,,,
City Center,79,SW Broadway & Jackson,"45.509330015121186, -122.68500750309389",210,240,390,630,465,495,600,545,710,415,960,680, - , - ,565,515, - , - , - , - , - ,345,,,,,,,,,,,,,
Southwest,80,SW Canyon Ct & Skyline,,325,460,645,530,555,495,605,675,730,690,660,540,455,580,385,280, - , - , - , - , - , - ,,,,,,,,,,,,,
Southwest,81,SW Capitol & Sunset,"45.47871408403562, -122.6934129623325",500,350,270,430,585,510,645,780,505,520,680,625,615,655,585,400, - , - ,370, - , - ,330,,,,,,,,,,,,,
Southwest,82,SW Capitol Hwy & Vermont St,"45.47614105557951, -122.70234113008328",175,175, - ,375,265,250,350,380,305,510,330,345,295,335,225,225, - , - , - , - , - ,245,,,,,,,,,,,,,
City Center,83,Waterfront Park & S Harbor Way,"45.511732377752516, -122.67455888662846","1,080","1,020", - ,"2,030","2,225","2,140","3,160","2,900","2,675","2,385","2,205","2,210", - ,"1,960","1,450",955,"1,020", - , - , - ,815, - ,,,,,,,,,,,,,
City Center,84,SW Jefferson & 13th,"45.516796347346435, -122.68715410309356",305,385,555,565,640,675,660,610,620,635,825,650,770,495,590,385, - , - , - , - , - ,335,,,,,,,,,,,,,
Southwest,85,SW Kingston & Rose Garden,"45.51810054856605, -122.70665787425808",270,210, - ,335,355, - ,360,380,245, - ,360, - , - ,380,195, - , - , - , - , - , - , - ,,,,,,,,,,,,,
South,86,S Miles St & Miles Pl (Willamette Greenway),"45.47126939987302, -122.67005742510325",660,500,675,"1,095",630,415,235,265,225,310,360,370,275,225,225, - , - , - , - , - , - , - ,,,,,,,,,,,,,
South,87,S Moody & Gibbs,"45.499349870955726, -122.67182600277451","2,455", - ,"3,015","3,415","3,510","3,800","2,420","2,575","2,510","1,890","1,755","1,740","1,425","1,585","1,225",580, - , - , - , - , - , - ,,,,,,,,,,,,,
Southwest,88,SW Multnomah & 45th,"45.46746677695618, -122.72401500309574",170,210,225,270,345,430,490,315,320,405,350,365,325, - ,240,295, - , - , - , - , - ,160,,,,,,,,,,,,,
City Center,89,SW Moody & River Prkwy,"45.506869795116, -122.67344570309396",380,235,275,355,400,445,610,"2,255","2,230","2,005","1,860","1,655","1,290","1,700", - ,720, - , - , - ,955, - , - ,,,,,,,,,,,,,
Southwest,90,SW Terwilliger & 2nd,"45.45368324448029, -122.68198883249377",130, - , - ,180,165, - ,230,355,170,300,330,285,260,370, - , - , - , - , - , - , - , - ,,,,,,,,,,,,,
Southwest,91,SW Terwilliger & Campus Dr,"45.499155730851456, -122.68257373192965",400,510,545,740,685,715,"1,005",885,985,"1,005","1,180","1,145",945,945,950,930,725, - , - , - , - , - ,,,,,,,,,,,,,
Southwest,92,SW Capitol Hwy & Terwilliger,"45.48016700343672, -122.68698277425983",515,460,595,655,520,685,795,670,795,810,795,825,750,515,565, - , - , - , - , - , - , - ,,,,,,,,,,,,,
City Center,93,Waterfront Park & SW Ankeny,"45.52243751716612, -122.66943145812971","1,110","1,230", - , - ,"2,500","3,280","3,590","3,890","3,995","3,445","2,985","3,365","2,510","3,170","2,200","2,100", - , - , - , - ,875, - ,,,,,,,,,,,,,
City Center,94,Waterfront Park & Morrison Bridge,"45.5180918905198, -122.67129770157709","1,005",845,"1,595","1,585","2,390","2,850","3,700","4,075","3,610","3,035","3,460","3,835","3,390","2,995","2,630","2,200", - , - , - ,"1,490",715, - ,,,,,,,,,,,,,
Northeast,95,NE Couch & 41st,"45.524236104396365, -122.62044038775174","1,000",905,"1,320",920,"1,185","1,470","1,260","1,410","1,050","1,275","1,020",525, - , - ,570, - , - , - , - , - , - , - ,,,,,,,,,,,,,
Northwest,96,NW Overton & 18th,"45.532057708577106, -122.68952308775138", - ,560,"1,190","1,100","1,025",940,"1,000",975, - ,955, - ,775,695,555,375, - , - , - , - , - , - , - ,,,,,,,,,,,,,
North,97,N Interstate Ave/NE Lloyd Blvd & NE Oregon St,"45.52858772614806, -122.6657259454222","2,140", - ,"5,285","4,815","5,595","5,805","4,815","5,045","5,140","4,785","4,105","4,510", - ,"3,525", - , - , - , - , - , - , - , - ,,,,,,,,,,,,,
Northeast,98,NE Skidmore & 9th,"45.554476882596575, -122.65665380309184",220, - ,240,335, - ,415,310,325,320,365, - ,535,460,695,455, - , - , - , - , - , - , - ,,,,,,,,,,,,,
Southeast,99,SE 72nd and Duke,"45.47586960171552, -122.58936593193066",90,75,140,140,230,175,185,310,175,260,275, - , - , - , - , - , - , - , - , - , - , - ,,,,,,,,,,,,,
Southeast,100,SE Ankeny & 16th,"45.52217495422182, -122.64959866076401","1,645","1,565","2,400","2,070","2,430","2,505","2,400","2,730","2,555","2,250","2,815","2,780","2,410","2,605","1,705", - ,"1,075", - ,975, - ,840, - ,,,,,,,,,,,,,
Southeast,101,SE Salmon & 34th,"45.51428339907721, -122.62956233192891","1,535","1,360","1,825","1,670","1,690","1,825","1,840","1,955","1,860","2,035","2,130","2,280","2,115","2,400","1,465", - , - , - , - , - , - , - ,,,,,,,,,,,,,
North,102,N Greeley and Going,"45.55554389610698, -122.69238310493915",290, - ,290, - ,580,745,725,740,680,865,585,595, - ,520,460, - , - , - , - , - , - , - ,,,,,,,,,,,,,
North,103,N Port Center Way and Cement Road,, - , - , - , - , - , - , - , - ,15,15,45,20,35,30,45, - , - , - , - , - , - , - ,,,,,,,,,,,,,
Northwest,104,NW Naito & 9th,"45.53278097785163, -122.67973181658671","1,275","1,040","1,455","1,540","1,545","1,590","1,670","1,420","1,725","1,230","1,475","1,715",980,"1,185",770, - , - , - , - , - , - , - ,,,,,,,,,,,,,
South,105,S Bond & Curry,"45.49786406397609, -122.67082651276053",480,450,655,745,680,855,735,575,630,610,445,540,430,355,405, - , - , - , - , - , - , - ,,,,,,,,,,,,,
Northeast,106,NE Irving & 21st,"45.52788442255817, -122.64445327425757",475,355,985,740,595,585,580,575,485,510,465,455,460, - ,435, - , - , - , - , - , - , - ,,,,,,,,,,,,,
Northeast,107,NE Davis & 41st,"45.52496333799039, -122.62062224542244",595,915,"1,350","1,310","1,370","1,415","1,315","1,340","1,100","1,070", - ,950,915,875,615, - , - , - , - , - , - , - ,,,,,,,,,,,,,
Southeast,108,SE Clay & Water,"45.51148103134693, -122.6658650334846",680,730, - ,"1,225","1,375",980,"1,585","3,305","2,915","1,895", - ,765,655,590,345, - , - , - , - , - , - , - ,,,,,,,,,,,,,
Southeast,109,SE Clay & 7th,"45.51151505279765, -122.65874716076448",570,665, - ,975,"1,055","1,095",960,"1,105",905,"1,180","1,075","1,095",905,"1,025",670, - , - , - , - , - , - , - ,,,,,,,,,,,,,
Southeast,110,SE Clay & 12th,"45.511496052794975, -122.65368177425842",590,615,830,"1,000",930,935,980,"1,265","1,345","1,210","1,470","1,340","1,100","1,235",965, - , - , - , - , - , - , - ,,,,,,,,,,,,,
Southwest,111,SW Barbur Blvd & Capitol Hwy,,155,80, - ,130,160,105,130,220,90,290,290,275,150,230, - , - , - , - , - , - , - , - ,,,,,,,,,,,,,
Southwest,112,SW Hamilton & SW 45th,"45.49065770172646, -122.72321827425931",55,15,50,35,25,25,35,40,35,50,45,30,80,50, - , - , - , - , - , - , - , - ,,,,,,,,,,,,,
Southwest,113,SW Terwilliger & Taylors Ferry Rd,"45.46307049658984, -122.68495390309609",360,145,240,325,535,400,330,430,425,555,415,430,275,580, - , - , - , - , - , - , - , - ,,,,,,,,,,,,,
South,114,S Palatine Hill & Riverview Cemetary,"45.45544195916413, -122.67473305675757",385,480, - ,380,340,465,420,390, - ,485,475,560,420, - , - , - , - , - , - , - , - , - ,,,,,,,,,,,,,
Southwest,115,SW Barbur & Terwilliger,"45.471175013952596, -122.68550018590683",490,545,585,440,590,670,720,810,770,775,950,"1,020",895, - , - ,570, - , - ,350, - ,175,355,,,,,,,,,,,,,
Southwest,116,SW Bertha & Vermont,"45.47596591661232, -122.69659057426006",155,120, - ,45,180,145,155,90,150,180,350,245,175,135, - , - , - , - , - , - , - , - ,,,,,,,,,,,,,
South,117,S Corbett Ave & Nebraska St,"45.47724897929297, -122.67696230309531",90,60,85,55,105,85,70,75,70,110,105,115, - ,110, - , - , - , - , - , - , - , - ,,,,,,,,,,,,,
Southwest,118,SW Arthur & 1st,"45.50368465732868, -122.67871449911837",200, - ,280,250,225,330,350,380,445,410,440,415,315,485, - , - , - , - , - , - , - , - ,,,,,,,,,,,,,
City Center,119,SW Broadway & Mill,"45.512677820758114, -122.68318977567098", - , - ,445,345,640,615,630,660,710,740,780,620,750,735, - , - , - , - , - , - , - , - ,,,,,,,,,,,,,
Southwest,120,SW 18th & Trail south of Sunset Hwy,, - , - ,135,105,120,165,195,100,130,215,75,175, - , - , - , - , - , - , - , - , - , - ,,,,,,,,,,,,,
Southwest,121,SW Vista & Montgomery,"45.51576791770125, -122.69673959542281", - ,105, - ,165,170,115,150,120,185,145,150,120,85, - , - , - , - , - , - , - , - , - ,,,,,,,,,,,,,
Northwest,122,NW Thurman & 24th,"45.53542217996943, -122.70087753192799", - , - , - ,425,355,420,455,560,575,490,515,635,680,660, - , - , - , - , - , - , - , - ,,,,,,,,,,,,,
Northwest,123,NW Lovejoy & 9th,"45.530061975671565, -122.68035034542217","2,135","1,520","1,900","1,910","2,000","2,785","2,970","3,050","2,525","2,090","2,160","1,530","2,095","2,325", - , - , - , - , - , - , - , - ,,,,,,,,,,,,,
North,124,N Willis Blvd & Woolsey Ave,"45.58401533636339, -122.71345277425509",205,165,115,205,185,275,200,195,155,255, - , - , - , - , - , - , - , - , - , - , - , - ,,,,,,,,,,,,,
North,125,N Bryant & Missouri,"45.57338293067513, -122.67749400309091",125,165,220,175,245,280,225,200,365,265,250, - , - ,190, - , - , - , - , - , - , - , - ,,,,,,,,,,,,,
North,126,N Union Path I-5 Ramp (to Hayden Island),, - , - , - , - , - , - ,690,415,660,580,610,545,465,510, - , - , - , - , - , - , - , - ,,,,,,,,,,,,,
North,127,N Failing & Missouri,"45.550810418602914, -122.67768180309197",170, - ,330,220,275,145,205,205,185,210,295,210,175,200, - , - , - , - , - , - , - , - ,,,,,,,,,,,,,
Northeast,128,NE Multnomah & Wheeler,"45.530815318745375, -122.66582098590403","1,680", - ,"3,615","3,420","3,775","4,070","3,260","3,175","3,220","2,770","2,785","2,815","1,730","1,190", - , - , - , - , - , - , - , - ,,,,,,,,,,,,,
Northeast,129,NE Going & 9th,"45.55635343796097, -122.65665385767136","1,320",985,"2,130","1,975","2,085","2,095","1,910","1,990","1,835","1,720","1,585","1,040",490,515, - , - , - , - , - , - , - , - ,,,,,,,,,,,,,
Northeast,130,NE Tillamook & 28th,"45.537123926137795, -122.63672843167774","1,080",760,"3,395","1,140","1,370","1,660","1,595","1,490","1,645","1,685","1,440","1,425","1,490", - , - , - , - , - , - , - , - , - ,,,,,,,,,,,,,
Northeast,131,NE Prescott St & Cully Blvd,"45.55543440842228, -122.60090186051241",200,180, - ,330,390,330,435,315,225,480,290, - ,180,360, - , - , - , - , - , - , - , - ,,,,,,,,,,,,,
Northeast,132,NE Tillamook & 74th,"45.537228211216416, -122.58715407400632",505,360,405,510, - ,560,430,505,425,530,455,350,240,320, - , - , - , - , - , - , - , - ,,,,,,,,,,,,,
East,133,NE I-205 Path and Airport Way Overpass,,100, - , - ,195,295, - ,475, - ,345,455,585,355,510,445, - , - , - , - , - , - , - , - ,,,,,,,,,,,,,
Southwest,134,SW Troy & Capitol Hill Rd,"45.46824679853808, -122.6999636316811",70,25,70,40,70,30,75,70,65,60,80,75,90,110, - , - , - , - , - , - , - , - ,,,,,,,,,,,,,
East,135,NE Maywood Pl & I-205 Path,"45.54880613082242, -122.55925534517006",295,230,255,265,265,310,295,270,290,295,280,150,260,205, - , - , - , - , - , - , - , - ,,,,,,,,,,,,,
East,136,E Burnside & 97th Ave/I-205 Bike Path,"45.522717203459976, -122.56363873167838", - ,285,410,600,695, - ,655,830,430,750, - ,580,465,450, - , - , - , - , - , - , - , - ,,,,,,,,,,,,,
Southeast,138,SE Milwaukie & Mitchell,"45.48567024732336, -122.64969488528199",200,270,430,520,700,485,640,680,775, - ,755,890,635,765, - , - , - , - , - , - , - , - ,,,,,,,,,,,,,
East,140,SE Division & 96th,"45.50451307102471, -122.56324720523808", - ,70,65,145,125,165,180,190,155,195,195,160,170,215, - , - , - , - , - , - , - , - ,,,,,,,,,,,,,
East,141,SE Division & 122nd,"45.50410955474345, -122.53765004517219",155,95,125,175, - ,255,290,335,500,370, - ,360,185,275, - , - , - , - , - , - , - , - ,,,,,,,,,,,,,
East,142,SE Powell & 122nd,"45.496999628711016, -122.53763318750126",165,140,170,180,200,150,245, - ,285,345,235,270,215,325, - , - , - , - , - , - , - , - ,,,,,,,,,,,,,
East,143,SE Powell & 162nd,"45.49474322660159, -122.4966708740084",30,50,125,50, - ,100, - ,100,135,120, - ,80,215,160, - , - , - , - , - , - , - , - ,,,,,,,,,,,,,
Southwest,144,SW Humphrey Blvd & Patton  ,"45.50225433362367, -122.71315954517216",260,270,265,365,200,355,170,350,305,545,480,435,350,370, - ,235, - , - , - , - , - , - ,,,,,,,,,,,,,
Southwest,145,SW Terwilliger & Westwood,"45.48296886001291, -122.68360884120129",445,540,610,830,750,730,925,765,865,710,965,905,730, - , - , - , - , - , - , - , - , - ,,,,,,,,,,,,,
City Center,146,SW Broadway & Montgomery,"45.51201358623295, -122.68357026244914",330,235,450,405,390,540,"1,000",860, - ,"1,180","1,300","1,010","1,075", - , - , - , - , - , - , - , - , - ,,,,,,,,,,,,,
City Center,147,SW Harvey Milk & 9th,"45.52168883476179, -122.68005193167836",415,400,810,720,730,"1,080","1,120",835,960,785,755, - ,665, - , - , - , - , - , - , - , - , - ,,,,,,,,,,,,,
City Center,148,SW Park & Oak,"45.522218352292704, -122.67911920284263",340,360,585,570,875,785,805,710,755,775,760,645, - , - , - , - , - , - , - , - , - , - ,,,,,,,,,,,,,
Southeast,149,SE Center & 52nd,"45.49386856729044, -122.60902567400838", - ,570,710,700,660,745,665,330,415,450, - ,280,355, - , - , - , - , - , - , - , - , - ,,,,,,,,,,,,,
East,150,SE Holgate & 112th,"45.489724664523514, -122.54801700284426",70, - ,160,75,140,165,155,210,215,210,150,165,220, - , - , - , - , - , - , - , - , - ,,,,,,,,,,,,,
East,151,SE Market & 130th,"45.51158032395787, -122.5299792740077",140,115,115,100,120,160, - , - ,170,290,205,360,250, - , - , - , - , - , - , - , - , - ,,,,,,,,,,,,,
East,152,SE Main & 96th (East side),"45.51401216649968, -122.56418411421389",165, - ,160,160,125,160, - , - ,345,210, - ,225,155, - , - , - , - , - , - , - , - , - ,,,,,,,,,,,,,
Northeast,153,NE Glisan & 28th,"45.52643688904381, -122.6372285316781",420,535,715,760,"1,000","1,065","1,185","1,330","1,280","1,335","1,310","1,385", - , - , - , - , - , - , - , - , - , - ,,,,,,,,,,,,,
North,154,N Concord & Willamette,"45.56190711274924, -122.68482254516952", - , - ,650,465,600,700,545,575, - , - ,625,440, - , - , - , - , - , - , - , - , - , - ,,,,,,,,,,,,,
North,155,N Bryant & Wabash,"45.573587330659954, -122.70279401633314",245,255,280, - ,235,350,220, - ,285,215,235,125,195, - , - , - , - , - , - , - , - , - ,,,,,,,,,,,,,
City Center,156,SW Broadway & Main,"45.5166587825114, -122.68108043167861",600,610,760,540,"1,020",810,950,"1,440","1,195","1,175","1,255",795, - ,"1,405", - , - , - , - , - , - , - , - ,,,,,,,,,,,,,
City Center,157,SW Naito & Clay,"45.51211467947603, -122.67553514517185",260, - ,795,"1,010",740,735,"1,110", - ,865,975, - , - ,"1,125",680, - , - , - , - , - , - , - , - ,,,,,,,,,,,,,
City Center,158,SW Main & 9th,"45.51706707433783, -122.68266268594509",255,145,270,375,180,435,395,640,570,530, - , - ,635,640, - , - , - , - , - , - , - , - ,,,,,,,,,,,,,
City Center,159,SW Park & Market,"45.51380866708052, -122.68433947806682", - ,270,245,305,360,525,370,340,290,320,365,325, - ,475, - , - , - , - , - , - , - , - ,,,,,,,,,,,,,
Southeast,160,SE Clinton & 13th,"45.503468393173854, -122.65272930284361","1,755","1,725","2,790","2,715","2,990","2,480","1,675",990,365,"1,020","1,030",855,695, - , - , - , - , - , - , - , - , - ,,,,,,,,,,,,,
City Center,161,NW Hoyt & Broadway,"45.5273073674171, -122.67763145767137", - , - , - ,"2,605","2,835","2,865","2,940","2,870","2,480","2,600","2,405",580,"1,915", - , - , - , - , - , - , - ,"1,580",200,,,,,,,,,,,,,
City Center,162,NW Broadway & Couch,"45.52374412077381, -122.6774840028426", - ,975, - ,"2,000","1,755","1,960","2,260","2,330","1,910","1,540","1,870","1,785","1,815", - , - , - , - , - , - , - , - , - ,,,,,,,,,,,,,
Northwest,163,NW Johnson & 14th,"45.52856517434683, -122.68535450284242",500,665, - ,"1,265","1,300","1,395","1,155","1,150","1,145","1,075","1,035","1,030","1,055", - , - , - , - , - , - , - , - , - ,,,,,,,,,,,,,
City Center,164,SW Burnside & 13th/Stark,"45.522883137115436, -122.68416710831427", - , - ,410,345,400,450,525,660,405,540,435,460,480, - , - , - , - , - , - , - , - , - ,,,,,,,,,,,,,
North,165,N Central & N Burr,"45.58900903087162, -122.74127536051077",170,170,160,100,105,165,180,150,140,150,150,110, - , - , - , - , - , - , - , - , - , - ,,,,,,,,,,,,,
North,166,N Wabash & N Halleck,"45.58263885328706, -122.70266124516831",210, - ,135, - ,180,170,170, - ,125,110,85,125, - , - , - , - , - , - , - , - , - , - ,,,,,,,,,,,,,
North,167,N Bryant & Concord,"45.573512560960445, -122.68425527400458", - ,135,140,245,235,220,185,200,270,170, - ,200, - , - , - , - , - , - , - , - , - , - ,,,,,,,,,,,,,
Northeast,168,NE Holman & 27th,"45.56819943860093, -122.63817318934748",545,455,305,340,355,570,425,515,520,420, - ,280, - , - , - , - , - , - , - , - , - , - ,,,,,,,,,,,,,
Northeast,169,NE Klickitat & 27th,"45.54669094367353, -122.6380755316772", - , - , - ,310,315,600,410,450,470,510, - , - , - , - , - , - , - , - , - , - , - , - ,,,,,,,,,,,,,
Southeast,170,SE Mill & 87th,"45.510025578080636, -122.57409146051455",315,155,230,205,225,280,285,255,285,210,205,415, - , - , - , - , - , - , - , - , - , - ,,,,,,,,,,,,,
East,171,SE Holgate & 100th,"45.48981706458506, -122.5609187028443",60,90,150,115,205,110,200,250,235,290,175,155, - , - , - , - , - , - , - , - , - , - ,,,,,,,,,,,,,
East,172,SE Bush & 122nd,"45.49441868833924, -122.53770073167985",125,120, - ,285,175,195,180,205,230,220,235,205, - , - , - , - , - , - , - , - , - , - ,,,,,,,,,,,,,
Southeast,173,SE Umatilla & 19th,"45.46286587148819, -122.64506910284558", - ,175,510,865,800,825,"1,060",795,"1,085","1,310",915,870, - , - , - , - , - , - , - , - , - , - ,,,,,,,,,,,,,
Southeast,174,SE Spokane & 15th,"45.465008722071616, -122.65099660134523",285,325, - ,365,365,370,565, - ,515,675,550,260, - , - , - , - , - , - , - , - , - , - ,,,,,,,,,,,,,
Southwest,175,SW Illinois & 45th,"45.478614834776664, -122.72315917398774",60,35,35,25,40, - ,35,60,65,30,80,45, - , - , - , - , - , - , - , - , - , - ,,,,,,,,,,,,,
Bridge,176,Morrison Bridge ,"45.517743648382606, -122.66963264848543",225,225,630,730,655,"1,085","1,245",805,785,860, - ,755, - , - , - ,45, - , - , - , - , - , - ,,,,,,,,,,,,,
City Center,200,SW Broadway & 6th (S of I405),"45.507092479722324, -122.684257067109",475, - ,720,760,845,755,"1,050",995,"1,055","1,585","1,125","1,405","1,025","1,090", - , - , - , - , - , - , - , - ,,,,,,,,,,,,,
Northeast,201,NE Alberta & 72nd,"45.55905722830141, -122.5889370374628",165,155,215,165,155,115,140,115,135,130,155,70, - , - , - , - , - , - , - , - , - , - ,,,,,,,,,,,,,
North,202,N Chautauqua & Willis,"45.58398926511723, -122.70792740357399", - ,90, - , - ,110,155,35,125,120,130, - ,125, - , - , - , - , - , - , - , - , - , - ,,,,,,,,,,,,,
Northeast,203,7th & Morris,"45.544650388397486, -122.65858788153896",730, - ,795,655,630,"1,180", - ,880,755,880,755, - , - , - , - , - , - , - , - , - , - , - ,,,,,,,,,,,,,
North,204,N Skidmore and Michigan  ,"45.554634039187555, -122.6755187314323",430, - , - ,810,780,595,660,670,715,735,830, - , - , - , - , - , - , - , - , - , - , - ,,,,,,,,,,,,,
North,205,N Michigan and Rosa Parks  ,"45.56988325494116, -122.67688954400919", - ,560, - ,660,680,770,785,735,670,550,475, - , - , - , - , - , - , - , - , - , - , - ,,,,,,,,,,,,,
Southwest,206,SW Multnomah & 25th,"45.465505666436215, -122.70249402816205",150,145, - ,245,285, - ,175,300,260,270,415, - , - , - , - , - , - , - , - , - , - , - ,,,,,,,,,,,,,
Southwest,207,SW Capitol Hwy & 35th,"45.4680535873175, -122.71286469488996",180,190,125,170,155,190,245,180,220,80,240, - , - , - , - , - , - , - , - , - , - , - ,,,,,,,,,,,,,
Northeast,208,NE Cully & Alberta  ,"45.559096121039445, -122.5977928601656",240,170, - ,390, - ,275,265,345,230,185,250, - , - , - , - , - , - , - , - , - , - , - ,,,,,,,,,,,,,
East,209,Prescott & I-205,"45.55539860099297, -122.56745663431641",170,175,140,200,145,245,185,230,220,350,70, - , - , - , - , - , - , - , - , - , - , - ,,,,,,,,,,,,,
East,210,102nd & Pacific,"45.52897465024441, -122.55810575182153",245, - ,130, - , - , - , - ,255,295,250,185, - , - , - , - , - , - , - , - , - , - , - ,,,,,,,,,,,,,
East,211,SE Steele I-205 Overpass,"45.48451557757747, -122.56608410509995",185,140,300,435,405,585,525,650,620,515,75, - , - , - , - , - , - , - , - , - , - , - ,,,,,,,,,,,,,
Southeast,212,SE Woodstock & 52nd,"45.47913446556711, -122.60873450456737",400,455,345,655,615,710,640,605,440,595,450, - , - , - , - , - , - , - , - , - , - , - ,,,,,,,,,,,,,
Northeast,213,NE Holladay & 7th,"45.52998172982266, -122.65861791475479",935,305,815,945,840,935,965,905, - ,"1,140",835, - , - , - , - , - , - , - , - , - , - , - ,,,,,,,,,,,,,
City Center,214,S River Pkwy & River Dr,"45.50720158840862, -122.67426009687001", - ,170,115,165,200,200,265,"1,250","1,170",870, - , - , - , - ,745, - , - , - , - , - , - , - ,,,,,,,,,,,,,
City Center,215,SW Naito at Morrison Bridge  ,"45.518623747602575, -122.67183339975118","1,405", - ,"3,100","3,390","2,555", - ,"1,430", - ,900,"1,020", - , - , - , - , - , - , - , - , - , - , - , - ,,,,,,,,,,,,,
City Center,216,SW Harvey Milk & 4th,"45.52051407602484, -122.6754737461578", - ,560, - ,"1,930","2,325","2,000","2,230","1,920","2,230","1,835", - , - , - , - , - , - , - , - , - , - , - , - ,,,,,,,,,,,,,
City Center,217,SW Jackson/Lincoln & 5th,"45.50880924563848, -122.68295495252448",140,200, - , - ,330,300,460,320,265,385, - , - , - , - , - , - , - , - , - , - , - , - ,,,,,,,,,,,,,
City Center,218,SW Oak & 3rd,"45.520882187857495, -122.67404102980032", - ,330,"1,260","1,225","1,695","1,540","1,655","1,285","1,345","1,185", - , - , - , - , - , - , - , - , - , - , - , - ,,,,,,,,,,,,,
Southeast,219,SE Springwater Trail & SE 92nd,"45.470878071178404, -122.56860637139319", - ,400,540,590,695,970,690,755,855,"1,050", - , - , - , - , - , - , - , - , - , - , - , - ,,,,,,,,,,,,,
East,220,SE Springwater Trail & SE 101st,"45.47557072850005, -122.55980554379325",320, - ,565,385,605,645,745,685,645,805, - , - , - , - , - , - , - , - , - , - , - , - ,,,,,,,,,,,,,
East,221,SE Bush & 102nd,,75,75, - ,60,20,85,50,95,50,45, - , - , - , - , - , - , - , - , - , - , - , - ,,,,,,,,,,,,,
East,222,SE Mill & 148th,"45.51019181403586, -122.51072952698593",95,90,120,95,150,165, - ,145, - , - , - , - , - , - , - , - , - , - , - , - , - , - ,,,,,,,,,,,,,
East,223,SE Main & 162nd,"45.51365761683846, -122.49654846904183",135,65,110,150,145,75,150,110,180,125, - , - , - , - , - , - , - , - , - , - , - , - ,,,,,,,,,,,,,
Northeast,224,E Burnside & NE 86th,"45.52274004593274, -122.5750267547981",335,310,390,405,415,370,480,555,355,580, - , - , - , - , - , - , - , - , - , - , - , - ,,,,,,,,,,,,,
Northeast,225,NE Klickitat & 38th,"45.54697690345932, -122.62386136551743",750,875,895,935,930,880,"1,000",955,975,690, - , - , - , - , - , - , - , - , - , - , - , - ,,,,,,,,,,,,,
Northeast,226,NE Klickitat & 57th,"45.54688016173802, -122.60456533557964",360,425,420,710,475,460,345,645,470,505, - , - , - , - , - , - , - , - , - , - , - , - ,,,,,,,,,,,,,
Northeast,227,NE Hancock & 47th,"45.536479680498694, -122.61497818170876",480,645,820,815,735,855,910,780,725,680, - , - , - , - , - , - , - , - , - , - , - , - ,,,,,,,,,,,,,
Northeast,228,NE Couch & 6th,"45.52360592414677, -122.65969856729173",475,505,"1,180","1,485","1,860","1,715","1,860","1,725","1,605","1,300", - , - , - , - , - , - , - , - , - , - , - , - ,,,,,,,,,,,,,
Northeast,229,NE Holman & Grand,,215, - , - ,265,240,270,260,270,210,175, - , - , - , - , - , - , - , - , - , - , - , - ,,,,,,,,,,,,,
Northeast,230,NE Marine Dr Trail & 33rd,"45.60038765174699, -122.63527015473383",125, - ,200,250,315,220,320, - ,265,350, - , - , - , - , - , - , - , - , - , - , - , - ,,,,,,,,,,,,,
North,231,N Going & Vancouver  ,"45.55601335052039, -122.6680611671184","1,175", - ,"3,105","2,980","3,390","3,635","3,480","2,930","3,625","3,225", - , - , - , - , - , - , - , - , - , - , - , - ,,,,,,,,,,,,,
North,232,N Going & Williams,"45.55638998504871, -122.66674795353723","1,605","1,875", - ,"1,685","3,840","3,600","3,915","3,595","3,850","2,870", - , - , - , - , - , - , - , - , - , - , - , - ,,,,,,,,,,,,,
North,233,N Denver & Terry  ,"45.579520178196354, -122.68688148637817",135,225,295,310,345,425,605,360,380,355, - , - , - , - , - , - , - , - , - , - , - , - ,,,,,,,,,,,,,
North,234,N Willamette Blvd & Carey (to Trail)  ,"45.58191796468963, -122.74003337275691",605,585,700,620,765,830,890, - ,695,935, - , - , - , - , - , - , - , - , - , - , - , - ,,,,,,,,,,,,,
Northwest,235,NW Couch & 14th,"45.523597947129815, -122.68515713823969", - , - ,740,815,690,765,650,555,410,525, - , - , - , - , - , - , - , - , - , - , - , - ,,,,,,,,,,,,,
Northwest,236,NW Raleigh & 14th,"45.534266795616325, -122.6855429132071",130, - , - ,320,335,400,405,320,200,220, - , - , - , - , - , - , - , - , - , - , - , - ,,,,,,,,,,,,,
Northwest,237,NW Overton & 19th,"45.5320645089968, -122.69057452212182",340, - ,960,555,660,515,595,695,595,500, - , - , - , - , - , - , - , - , - , - ,140, - ,,,,,,,,,,,,,
Northwest,238,NW Marshall & 14th,"45.530718405911685, -122.68544339417203",820,690,780,"1,090","1,170","1,075","1,150",690,"1,020",865, - , - , - , - , - , - ,140, - , - , - ,85,120,,,,,,,,,,,,,
Northwest,239,NW Marshall & 18th,"45.53067642811744, -122.68951790766668",395, - ,645,695,770,665,635,585,660,655, - , - , - , - , - , - , - , - , - , - , - , - ,,,,,,,,,,,,,
Northwest,240,NW Marshall & 19th,"45.53064274472646, -122.69051156403987",365,375,545,720,635,625,660,490,590,540, - , - , - , - , - , - , - , - , - , - , - , - ,,,,,,,,,,,,,
Southeast,241,SE Springwater Trail (S of Ivon)  ,,"2,115","1,895","2,680","3,275","2,915","2,880","3,080","3,020","2,980","2,820", - , - , - , - , - , - , - , - , - , - , - , - ,,,,,,,,,,,,,
Southeast,242,E Burnside & SE 6th,"45.52290682980603, -122.659729742309",695, - ,"1,740","1,855","2,100","2,140","2,210","2,165","1,885","1,940", - , - , - , - , - , - , - , - , - , - , - , - ,,,,,,,,,,,,,
Southeast,243,E Burnside & 12th & Sandy,"45.52288707166808, -122.65363805518467",300,620,855, - ,750,"1,455","1,645","1,630","1,675","1,635", - , - , - , - , - , - , - , - , - , - , - , - ,,,,,,,,,,,,,
Southeast,244,SE Clinton & 34th,"45.50353788262253, -122.62957500294405","2,190","1,985","2,695","2,820","2,995","2,565","2,510","2,315","2,315","2,545", - , - , - , - , - , - , - , - , - , - , - , - ,,,,,,,,,,,,,
Southeast,245,SE Ladd & 20th/21st,"45.504833477716794, -122.64507967590968",805,820,"1,520","1,815","1,845","2,260","2,260","2,780","3,025","2,880", - , - , - , - , - , - , - , - , - , - , - , - ,,,,,,,,,,,,,
Southeast,246,SE Salmon & 28th,"45.514278448650074, -122.63708815103652", - , - ,"1,040","1,095","1,050","1,150","1,075","1,175","1,145","1,160", - , - , - , - , - , - , - , - , - , - , - , - ,,,,,,,,,,,,,
Southeast,247,SE Taylor & 53rd,"45.5153926548894, -122.60886495013631",525,530,380,355,400,440,435,255,245,215, - , - , - , - , - , - , - , - , - , - , - , - ,,,,,,,,,,,,,
Southeast,248,SE Flavel & 52nd,"45.46761488829155, -122.61001284980685",155,170, - ,205,200,175,240,200,225, - , - , - , - , - , - , - , - , - , - , - , - , - ,,,,,,,,,,,,,
Southeast,249,SE Flavel & 87th,"45.46847625585461, -122.57403022451295",105,80,125,140,160,190, - ,290, - ,180, - , - , - , - , - , - , - , - , - , - , - , - ,,,,,,,,,,,,,
Southeast,250,SE Woodstock & 87th,"45.47927271426243, -122.57345967109826",45,105,95,120,145,160,110,190, - , - , - , - , - , - , - , - , - , - , - , - , - , - ,,,,,,,,,,,,,
Southeast,251,SE Brooklyn & 85th,"45.50048555747926, -122.57502040410098",65,30, - ,45,65,130,65,130,160,75, - , - , - , - , - , - , - , - , - , - , - , - ,,,,,,,,,,,,,
Southeast,252,SE Lincoln & 52nd,"45.50802114098679, -122.60905984744133", - ,"1,175","1,490","1,235","1,295","1,420","1,520","1,120","1,105","1,205", - , - , - , - , - , - , - , - , - , - , - , - ,,,,,,,,,,,,,
Southeast,253,SE Caruthers & Eastbank Esplanade,"45.50587922352748, -122.66404478502255","2,010","1,430","3,430","3,260","3,280","3,155","2,760","2,195", - ,"2,940", - , - , - , - , - , - , - , - , - , - , - , - ,,,,,,,,,,,,,
Northeast,254,NE Killingsworth & Cully,"45.56270859406307, -122.5942002230172",100, - , - ,90,185,145, - ,220,160,265,195,140, - , - , - , - , - , - , - , - , - , - ,,,,,,,,,,,,,
City Center,255,SW Naito & Ankeny,"45.5224997166292, -122.67031695282667","1,675", - ,"3,165","2,720","3,195","2,235","2,275","1,875","1,835","1,685", - , - , - ,840, - , - , - , - , - , - , - , - ,,,,,,,,,,,,,
Southeast,256,SE Caruthers & 4th,"45.50585938538033, -122.66195654405915","3,415","3,445", - , - ,"2,085","6,030","4,525","3,625","3,470", - , - , - , - , - , - , - , - , - , - , - ,125,165,,,,,,,,,,,,,
Southeast,257,SE Division & 60th,"45.505344312729214, -122.60116628900776",240,255,280,385,365,570,420,400,495, - , - , - , - , - , - , - , - , - , - , - , - , - ,,,,,,,,,,,,,
North,258,N Going & Concord  ,"45.556315647586, -122.68487618862083",310, - ,490,600,540,325,210,360, - , - , - , - , - , - , - , - , - , - , - , - , - , - ,,,,,,,,,,,,,
Northeast,259,NE Multnomah & 21st,"45.53144912205083, -122.64487051143404",940,"1,260","1,645","2,135","1,895","1,500","1,700", - , - , - , - , - , - , - , - , - , - , - , - , - , - , - ,,,,,,,,,,,,,
East,260,NE Halsey & 128th,"45.53346944150541, -122.53115072692569",20,5,15,5,30,50,55,105, - , - , - , - , - , - , - , - , - , - , - , - , - , - ,,,,,,,,,,,,,
Northeast,261,NE Alderwood & 82nd,"45.57582668236317, -122.57767859797578",25, - , - ,145,50,60, - , - , - , - , - , - , - , - , - , - , - , - , - , - , - , - ,,,,,,,,,,,,,
Northeast,262,NE Multnomah & 11th,"45.53147203913959, -122.65457858893544",480,620,"1,200","1,210","1,300",815,"1,045", - , - , - , - , - , - , - , - , - , - , - , - , - , - , - ,,,,,,,,,,,,,
Northeast,263,NE Rodney & Morris  ,"45.544568437146566, -122.66412764811285",625,535,790,875,830,860,630,730, - , - , - , - , - , - , - , - , - , - , - , - , - , - ,,,,,,,,,,,,,
Northwest,264,NW Everett & 19th,"45.52490154189405, -122.69031776800998", - ,345,750,685,825,875,"1,130", - , - , - , - , - , - , - , - , - , - , - , - , - , - , - ,,,,,,,,,,,,,
Southeast,265,SE Holgate & 17th,"45.490343555842365, -122.64838356774422",385,405,280,525,795,750,620,335, - , - , - , - , - , - , - , - , - , - , - , - , - , - ,,,,,,,,,,,,,
Southeast,266,SE Division & 75th/76th,"45.505385166408054, -122.58548814980826",240,215,405,405,470,450,530, - , - , - , - , - , - , - , - , - , - , - , - , - , - , - ,,,,,,,,,,,,,
Southeast,267,SE Stark & 76th,"45.51915210187447, -122.58525190288233",155,270,150,210,130,205,155,160, - , - , - , - , - , - , - , - , - , - , - , - , - , - ,,,,,,,,,,,,,
Southeast,268,SE Bybee & 19th,"45.47388917192969, -122.64574689128096",475,440,580,890,400,505,370,405, - , - , - , - , - , - , - , - , - , - , - , - , - , - ,,,,,,,,,,,,,
Southeast,269,SE Woodstock & 28th,"45.47874050178606, -122.63441092270828",410,390,300,275,355,520,495,495, - , - , - , - , - , - , - , - , - , - , - , - , - , - ,,,,,,,,,,,,,
Southeast,270,SE Foster & 67th,"45.48861760984599, -122.59433035774668",480,455,435,325,300,435,415,425, - , - , - , - , - , - , - , - , - , - , - , - , - , - ,,,,,,,,,,,,,
City Center,271,SW Columbia & 14th,"45.51641657002313, -122.6887502382046",140, - , - ,210,215,225,305, - , - , - , - , - , - , - , - , - , - , - , - , - , - ,200,,,,,,,,,,,,,
City Center,272,SW Salmon & 14th,"45.51907498400476, -122.68725447395833", - ,175, - ,495,440,460,470,590, - , - , - , - , - , - , - , - , - , - , - , - , - , - ,,,,,,,,,,,,,
City Center,273,SW Jefferson & 12th,"45.516579906407806, -122.68631547395859",285,325, - ,310,475,630,640,450, - , - , - , - , - , - , - , - , - , - , - , - , - , - ,,,,,,,,,,,,,
City Center,274,SW Lincoln & 1st,"45.507999376606655, -122.67970500279483",265,305,565,540,655,635,575,525, - , - , - , - , - , - , - , - , - , - , - , - , - , - ,,,,,,,,,,,,,
Northeast,275,NE Tillamook & 7th,"45.53783132630075, -122.65861667395744",870,"1,210","1,810","1,810","2,145","2,045","2,145","2,475", - , - , - , - , - , - , - , - , - , - , - , - , - , - ,,,,,,,,,,,,,
Southeast,276,SE 17th @ Powell over-crossing,"45.50006133413592, -122.64848979682056",625,635,"1,355","1,185","1,225","1,275",690, - , - , - , - , - , - , - , - , - , - , - , - , - , - , - ,,,,,,,,,,,,,
Northeast,277,NE Alameda & 57th,"45.542162427932354, -122.6045611739571",380,405,355,575,580,465,430, - , - , - , - , - , - , - , - , - , - , - , - , - , - , - ,,,,,,,,,,,,,
City Center,278,S River Pkwy/Harrison & Harbor path,"45.507379933795754, -122.67574565377708","1,205", - , - , - ,"2,225","2,230","2,350", - , - , - , - , - , - , - , - , - , - , - , - , - , - , - ,,,,,,,,,,,,,
City Center,279,NW Couch & 3rd,"45.523814620681414, -122.6734089739581", - , - , - ,"1,520","1,560","1,540","1,490", - , - , - , - , - , - , - , - , - , - , - , - , - , - , - ,,,,,,,,,,,,,
Northeast,280,NE Halsey & 42nd,"45.53374636295494, -122.62033718930137",240,130,315,455,390,380, - , - , - , - , - , - , - , - , - , - , - , - , - , - , - , - ,,,,,,,,,,,,,
City Center,281,W Burnside & 3rd Ave,"45.523152969887136, -122.67337980279409", - , - ,320,925,"1,130","1,075", - , - , - , - , - , - , - , - , - , - , - , - , - , - , - , - ,,,,,,,,,,,,,
City Center,282,SW Harvey Milk & 2nd Ave,"45.519956484593706, -122.67346214512234", - ,620,"1,915","2,230","2,460","2,070", - , - , - , - , - , - , - , - , - , - , - , - , - , - , - , - ,,,,,,,,,,,,,
City Center,283,NW Couch & 2nd Ave,"45.52384233744557, -122.6724021739581",520, - ,"1,050", - ,"1,225","1,365", - , - , - , - , - , - , - , - , - , - , - , - , - , - , - , - ,,,,,,,,,,,,,
East,285,SE Holgate & 128th,"45.48958092829202, -122.53241400279569", - , - , - ,100,80,120, - , - , - , - , - , - , - , - , - , - , - , - , - , - , - , - ,,,,,,,,,,,,,
East,286,NE Halsey & 106th,"45.53345474721886, -122.55355670279361",100,140,210,115,145,160, - , - , - , - , - , - , - , - , - , - , - , - , - , - , - , - ,,,,,,,,,,,,,
North,287,N Lombard & Bruce  ,, - , - , - , - ,80, - , - , - , - , - , - , - , - , - , - , - , - , - , - , - , - , - ,,,,,,,,,,,,,
Southeast,288,SE Salmon & 29th,"45.514268098823955, -122.63614498930247",730,855,"1,190","1,005","1,345","1,175", - , - , - , - , - , - , - , - , - , - , - , - , - , - , - , - ,,,,,,,,,,,,,
Southeast,289,SE Ankeny & 30th,"45.522080469027316, -122.63398510279411","1,485","1,240","1,910","2,050","1,330","1,525", - , - , - , - , - , - , - , - , - , - , - , - , - , - , - , - ,,,,,,,,,,,,,
Northeast,290,NE Glisan & 30th,"45.52641645609843, -122.63448644512191",725,535,840,535,775,445, - , - , - , - , - , - , - , - , - , - , - , - , - , - , - , - ,,,,,,,,,,,,,
Northeast,291,NE Tillamook & 26th,"45.537393511184135, -122.63911877395732","1,265","1,300","1,635","1,575","1,365","1,185", - , - , - , - , - , - , - , - , - , - , - , - , - , - , - , - ,,,,,,,,,,,,,
Northeast,292,NE Klickitat & 26th Ave,"45.54667361614572, -122.63907987395696",765,420,485,635,465,280, - , - , - , - , - , - , - , - , - , - , - , - , - , - , - , - ,,,,,,,,,,,,,
Northeast,293,NE Skidmore & 32nd Ave,"45.55429413290258, -122.63279467395662", - , - ,280,295,305,235, - , - , - , - , - , - , - , - , - , - , - , - , - , - , - , - ,,,,,,,,,,,,,
Southeast,294,SE Franklin & 26th Ave,"45.49910069044946, -122.63964340279526",315, - , - , - ,480,725, - , - , - , - , - , - , - , - , - , - , - , - , - , - , - , - ,,,,,,,,,,,,,
Northeast,295,NE Rodney & Bryant  ,, - , - , - , - ,35,50, - , - , - , - , - , - , - , - , - , - , - , - , - , - , - , - ,,,,,,,,,,,,,
Southwest,296,SW Miles & 60th,"45.471546128532886, -122.73839553163252",70,65,30,30,30,40, - , - , - , - , - , - , - , - , - , - , - , - , - , - , - , - ,,,,,,,,,,,,,
East,297,NE Tillamook & 108th,"45.53750734109786, -122.55158940279338",15, - ,25,50,105,35, - , - , - , - , - , - , - , - , - , - , - , - , - , - , - , - ,,,,,,,,,,,,,
East,298,NE Glisan & 108th,"45.52623328878707, -122.55150860279396",115, - ,35,35,90,95, - , - , - , - , - , - , - , - , - , - , - , - , - , - , - , - ,,,,,,,,,,,,,
East,299,NE Holladay & 122nd,"45.53021973914996, -122.5377083316297",165,125,180,135,115, - , - , - , - , - , - , - , - , - , - , - , - , - , - , - , - , - ,,,,,,,,,,,,,
City Center,300,SW Naito & Salmon  ,"45.51541686368546, -122.67358474512245","1,935","1,565","4,355","3,745","4,145", - , - , - , - , - , - , - , - , - , - , - , - , - , - , - , - , - ,,,,,,,,,,,,,
Southeast,301,SE Lafayette & 21st,"45.49705911162232, -122.64466047395948",500,520, - , - ,915, - , - , - , - , - , - , - , - , - , - , - , - , - , - , - , - , - ,,,,,,,,,,,,,
Southeast,302,SE Odgen & 67th,"45.47106962334867, -122.59424853163253", - ,40, - ,55,35, - , - , - , - , - , - , - , - , - , - , - , - , - , - , - , - , - ,,,,,,,,,,,,,
Northwest,303,NW Johnson & 20th,"45.528476354818714, -122.69247637395785",370,400,570,415,585, - , - , - , - , - , - , - , - , - , - , - , - , - , - , - , - , - ,,,,,,,,,,,,,
City Center,304,SW Alder & 18th,"45.5227599033621, -122.68975354327048",210, - ,280,330,305, - , - , - , - , - , - , - , - , - , - , - , - , - , - , - , - , - ,,,,,,,,,,,,,
Southwest,305,SW Capitol Hwy & Dolph Ct/41st,"45.46169754612105, -122.71899625676569", - , - , - ,40,30, - , - , - , - , - , - , - , - , - , - , - , - , - , - , - , - , - ,,,,,,,,,,,,,
East,306,NE Fremont & 102nd,"45.548073903381855, -122.55780376046488",90,125,110,85,100, - , - , - , - , - , - , - , - , - , - , - , - , - , - , - , - , - ,,,,,,,,,,,,,
East,307,NE Weidler & 106th,"45.5341277786863, -122.55353070279352",85,40,60,70, - , - , - , - , - , - , - , - , - , - , - , - , - , - , - , - , - , - ,,,,,,,,,,,,,
East,308,NE San Rafael & 132nd,"45.537189896107996, -122.52709929909004",30,45,65,20,45, - , - , - , - , - , - , - , - , - , - , - , - , - , - , - , - , - ,,,,,,,,,,,,,
East,309,NE Holladay & 114th,"45.529863975267546, -122.54466963162959",40,15,15, - ,10, - , - , - , - , - , - , - , - , - , - , - , - , - , - , - , - , - ,,,,,,,,,,,,,
Southeast,310,SE MLK & Morrison  ,"45.51729826531075, -122.66185562977863", - ,95,160,195, - , - , - , - , - , - , - , - , - , - , - , - , - , - , - , - , - , - ,,,,,,,,,,,,,
Northwest,311,NW Marshall & 16th,"45.530677991756875, -122.68747804512178", - ,425, - ,735,755, - , - , - , - , - , - , - , - , - , - , - , - , - , - , - , - , - ,,,,,,,,,,,,,
Southwest,312,SW Scholls Ferry Rd & Humphrey Blvd  ,"45.50712993297983, -122.73786555861507",70,70,440,55,50, - , - , - , - , - , - , - , - , - , - , - , - , - , - , - , - , - ,,,,,,,,,,,,,
Northwest,313,NW Overton & 11th,"45.53220200840903, -122.68241492977796",670,670, - ,"1,360","1,555", - , - , - , - , - , - , - , - , - , - , - , - , - , - , - , - , - ,,,,,,,,,,,,,
North,314,N Williams & Dekum  ,"45.571751298519125, -122.66680963162756",330, - ,450,580, - , - , - , - , - , - , - , - , - , - , - , - , - , - , - , - , - , - ,,,,,,,,,,,,,
East,315,NE Tillamook & 102nd,"45.537682256049095, -122.55802333162937",110,105,105,90, - , - , - , - , - , - , - , - , - , - , - , - , - , - , - , - , - , - ,,,,,,,,,,,,,
North,316,N Tillamook & Flint,"45.53800821151287, -122.66869538744956", - , - ,"3,160","3,200", - , - , - , - , - , - , - , - , - , - , - , - , - , - , - , - , - , - ,,,,,,,,,,,,,
City Center,317,SW Naito @ Morrison Bridge  ,"45.51781374120588, -122.66959181628653","2,060","1,955", - ,"3,845", - , - , - , - , - , - , - , - , - , - , - , - , - , - , - , - , - , - ,,,,,,,,,,,,,
City Center,318,SW Naito & Ankeny  ,"45.52253633868212, -122.67026615861434","1,070","1,135","2,490","2,100", - , - , - , - , - , - , - , - , - , - , - , - , - , - , - , - , - , - ,,,,,,,,,,,,,
City Center,319,NW Naito & Salmon  ,,"1,440", - ,"2,955","3,320", - , - , - , - , - , - , - , - , - , - , - , - , - , - , - , - , - , - ,,,,,,,,,,,,,
Southeast,320,SE Water & Morrison Bridge path  ,"45.517235281608556, -122.66580052403121",375,540,"1,060",860, - , - , - , - , - , - , - , - , - , - , - , - , - , - , - , - , - , - ,,,,,,,,,,,,,
Southeast,321,SE Foster & 77th/78th,"45.48454549524214, -122.5836518314839",135,130,225,85, - , - , - , - , - , - , - , - , - , - , - , - , - , - , - , - , - , - ,,,,,,,,,,,,,
Southeast,322,SE Linn & 19th,"45.45934682021901, -122.64510348745341",555,460,965,995, - , - , - , - , - , - , - , - , - , - , - , - , - , - , - , - , - , - ,,,,,,,,,,,,,
Southeast,323,SE Bybee & 32nd,"45.47340244746199, -122.63034258745265",140,140,210,215, - , - , - , - , - , - , - , - , - , - , - , - , - , - , - , - , - , - ,,,,,,,,,,,,,
North,324,N Fessenden & Burr  ,"45.59421147095573, -122.73828722395452",215,195,95,115, - , - , - , - , - , - , - , - , - , - , - , - , - , - , - , - , - , - ,,,,,,,,,,,,,
North,325,N Kilpatrick & Chautauqua  ,"45.582293235196644, -122.70790431628319",215,90,105,185, - , - , - , - , - , - , - , - , - , - , - , - , - , - , - , - , - , - ,,,,,,,,,,,,,
North,326,N Whitaker & Denver (Delta Park)  ,,300, - ,480,395, - , - , - , - , - , - , - , - , - , - , - , - , - , - , - , - , - , - ,,,,,,,,,,,,,
North,327,N Vancouver & Columbia Slough Trail  ,"45.58546697095556, -122.66732397395506",315, - ,295,385, - , - , - , - , - , - , - , - , - , - , - , - , - , - , - , - , - , - ,,,,,,,,,,,,,
Southeast,328,SE Belmont & 7th,"45.516472182266206, -122.65869257395855",960,915, - ,"1,410", - , - , - , - , - , - , - , - , - , - , - , - , - , - , - , - , - , - ,,,,,,,,,,,,,
North,329,N Williams & Rosa Parks Way  ,"45.56996867095525, -122.66688290279177",805, - ,165,"1,285", - , - , - , - , - , - , - , - , - , - , - , - , - , - , - , - , - , - ,,,,,,,,,,,,,
East,330,NE Glisan & 128th,"45.52639787248858, -122.53159518930177",95, - ,55,55, - , - , - , - , - , - , - , - , - , - , - , - , - , - , - , - , - , - ,,,,,,,,,,,,,
East,331,NE Glisan & 155th,"45.52641088890592, -122.504081273958",25,45,25, - , - , - , - , - , - , - , - , - , - , - , - , - , - , - , - , - , - , - ,,,,,,,,,,,,,
Bridge,332,Sellwood Bridge (automated),"45.46429154624571, -122.6653307702577", - , - , - , - , - , - , - , - , - , - , - , - , - , - , - , - , - , - , - , - , - , - ,,,,,,,,,,,,,
Bridge,333,Tilikum Bridge (automated),"45.50446043556574, -122.66766201628717", - , - , - , - , - , - , - , - , - , - , - , - , - , - , - , - , - , - , - , - , - , - ,,,,,,,,,,,,,
East,334,NE Halsey & 106th (automated),"45.53349232456126, -122.55352451628575", - , - , - , - , - , - , - , - , - , - , - , - , - , - , - , - , - , - , - , - , - , - ,,,,,,,,,,,,,
East,335,NE Weidler & 106th (automated),"45.5341193018112, -122.55328754512158", - , - , - , - , - , - , - , - , - , - , - , - , - , - , - , - , - , - , - , - , - , - ,,,,,,,,,,,,,
East,336,SE 136th & Bush,"45.49510050917399, -122.52356530279536",75, - ,25, - , - , - , - , - , - , - , - , - , - , - , - , - , - , - , - , - , - , - ,,,,,,,,,,,,,
East,337,SE Market & 106th/107th,"45.511520315753764, -122.55372831628671",150,145,130, - , - , - , - , - , - , - , - , - , - , - , - , - , - , - , - , - , - , - ,,,,,,,,,,,,,
East,338,SE Cherry Blossom & 106th,"45.51497574539858, -122.5543822893024",125,65,115, - , - , - , - , - , - , - , - , - , - , - , - , - , - , - , - , - , - , - ,,,,,,,,,,,,,
Southwest,339,SW Vermont & 50th,"45.4763285322096, -122.72829744512444",70,90, - , - , - , - , - , - , - , - , - , - , - , - , - , - , - , - , - , - , - , - ,,,,,,,,,,,,,
Southwest,340,SW Sunset & Dewitt,"45.47986548044523, -122.69455814512432",170,195, - , - , - , - , - , - , - , - , - , - , - , - , - , - , - , - , - , - , - , - ,,,,,,,,,,,,,
Northwest,341,NW Flanders & 18th,"45.52568517095444, -122.68934988930172",605,550,460, - , - , - , - , - , - , - , - , - , - , - , - , - , - , - , - , - , - , - ,,,,,,,,,,,,,
Northwest,342,NW Front Ave & 15th,"45.536298355864155, -122.68578361813725",605, - ,745, - , - , - , - , - , - , - , - , - , - , - , - , - , - , - , - , - , - , - ,,,,,,,,,,,,,
North,343,N Greeley & Willamette,"45.5620282593039, -122.69555395861236",515,450, - , - , - , - , - , - , - , - , - , - , - , - , - , - , - , - , - , - , - , - ,,,,,,,,,,,,,
North,344,N Rosa Parks & Willamette,"45.56984930733792, -122.69978398744794","1,060",945,"1,250", - , - , - , - , - , - , - , - , - , - , - , - , - , - , - , - , - , - , - ,,,,,,,,,,,,,
Northeast,345,NE 60th & Oregon (future),,125,45,185, - , - , - , - , - , - , - , - , - , - , - , - , - , - , - , - , - , - , - ,,,,,,,,,,,,,
East,346,I-205 path and Gateway Green South Entrance (near Halsey),"45.53435573169694, -122.56382402342243",135,160,250, - , - , - , - , - , - , - , - , - , - , - , - , - , - , - , - , - , - , - ,,,,,,,,,,,,,
Northeast,347,NE 16th & Irving,"45.527934038539044, -122.64956533162979",460,590,975, - , - , - , - , - , - , - , - , - , - , - , - , - , - , - , - , - , - , - ,,,,,,,,,,,,,
Northeast,348,NE Tillamook & 38th,"45.53776584116693, -122.6240120316293",565,790, - , - , - , - , - , - , - , - , - , - , - , - , - , - , - , - , - , - ,285, - ,,,,,,,,,,,,,
Northeast,349,NE 43rd & Hancock,"45.53647208056608, -122.61894336046534",485,445, - , - , - , - , - , - , - , - , - , - , - , - , - , - , - , - , - , - , - , - ,,,,,,,,,,,,,
Northeast,350,NE Hancock & 38th,"45.53649651070472, -122.6239986027934",240,190, - , - , - , - , - , - , - , - , - , - , - , - , - , - , - , - , - , - , - , - ,,,,,,,,,,,,,
Northwest,351,Ned Flanders Bridge,"45.525717704943055, -122.68679817395802",555,460, - , - , - , - , - , - , - , - , - , - , - , - , - , - , - , - , - , - , - , - ,,,,,,,,,,,,,
Northwest,352,NW Flanders & 14th,"45.525734121450945, -122.68521685861427",755,690, - , - , - , - , - , - , - , - , - , - , - , - , - , - , - , - , - , - , - , - ,,,,,,,,,,,,,
City Center,353, - ,"45.5255990048795, -122.69242348930182", - , - , - , - , - , - , - , - , - , - , - , - , - , - , - , - , - , - , - , - , - , - ,,,,,,,,,,,,,
Northwest,354,NW Flanders & 20th,"45.52559900487953, -122.69236984512206",605,485, - , - , - , - , - , - , - , - , - , - , - , - , - , - , - , - , - , - , - , - ,,,,,,,,,,,,,
Southeast,356,SE 28th & Franklin,"45.49908181076921, -122.63655898216173",415,305, - , - , - , - , - , - , - , - , - , - , - , - , - , - , - , - , - , - , - , - ,,,,,,,,,,,,,
Southeast,357,SE Ankeny & 7th,"45.52217338607479, -122.65865481628633","1,130","1,010", - , - , - , - , - , - , - , - , - , - , - , - , - , - , - , - , - , - , - , - ,,,,,,,,,,,,,
Southwest,358,SW 6th/Sheriden/Terwilliger,"45.50517255547472, -122.68424818745122",455,510, - , - , - , - , - , - , - , - , - , - , - , - , - , - , - , - , - , - , - , - ,,,,,,,,,,,,,
Southeast,359,SE 28th & Gladstone,"45.493305008454584, -122.6366228451236",755, - , - , - , - , - , - , - , - , - , - , - , - , - , - , - , - , - , - , - , - , - ,,,,,,,,,,,,,
Northeast,360,53rd @ Hoyt,,905, - , - , - , - , - , - , - , - , - , - , - , - , - , - , - , - , - , - , - , - , - ,,,,,,,,,,,,,
Northeast,361,NE Sacramento at 72nd Dr,"45.5418122991971, -122.5917124451212",440, - , - , - , - , - , - , - , - , - , - , - , - , - , - , - , - , - , - , - , - , - ,,,,,,,,,,,,,
East,362,NE San Rafael & NE 122nd Ave,"45.53716936615723, -122.5375785162856",65, - , - , - , - , - , - , - , - , - , - , - , - , - , - , - , - , - , - , - , - , - ,,,,,,,,,,,,,
City Center,363,SW 4th & Madison,"45.51514824555978, -122.67835484512254",965, - , - , - , - , - , - , - , - , - , - , - , - , - , - , - , - , - , - , - , - , - ,,,,,,,,,,,,,
Southeast,364,SE Ellis and SE 87th Ave,"45.482252026334656, -122.57356243163208",65, - , - , - , - , - , - , - , - , - , - , - , - , - , - , - , - , - , - , - , - , - ,,,,,,,,,,,,,